municipality,hebesatz_gewerbe,hebesatz_grund_b,tax_revenue_per_capita,solar_excellent_sqm,solar_good_sqm,solar_unsuitable_sqm,avg_age,household_count
Ummendorf,340,340,1450,120000,150000,80000,43.8,2100
Biberach an der Riß,350,350,2600,450000,520000,280000,44.2,16500
Laupheim,360,360,1380,220000,260000,150000,43.5,9800
Warthausen,340,330,1150,90000,110000,60000,43.9,2300
Schemmerhofen,330,320,1050,160000,190000,110000,42.8,3500
Maselheim,340,340,980,85000,105000,55000,42.5,1900
Ochsenhausen,350,340,1410,140000,175000,95000,43.6,3800
Landkreis Biberach (Durchschnitt),342,340,1510,190000,215000,120000,43.7,43000
Baden-Württemberg (Durchschnitt),358,358,1650,2500000,2900000,1800000,43.9,5200000
